id,console-name,product-name,loose-price,cib-price,new-price,graded-price,box-only-price,manual-only-price,bgs-10-price,condition-17-price,condition-18-price,gamestop-price,gamestop-trade-price,retail-loose-buy,retail-loose-sell,retail-cib-buy,retail-cib-sell,retail-new-buy,retail-new-sell,upc,sales-volume,genre,tcg-id,asin,epid,release-date
4525133,Basketball Cards 2021 Panini Select Rookie Signatures,Alperen Sengun #RS-ASG,$94.11,$55.00,$73.00,$77.71,$84.00,$176.54,$230.00,$106.00,$106.00,,,$52.00,$104.00,$24.40,$60.99,$32.00,$79.99,,26,,,,,2021-06-01
4525212,Basketball Cards 2021 Panini Select Rookie Signatures,Alperen Sengun [Gold Prizm] #RS-ASG,$699.00,,$223.50,$809.00,$890.00,$1600.00,$2080.00,$960.00,$960.00,,,$461.40,$769.00,,,$123.00,$246.00,,4,,,,,2021-06-01
4525172,Basketball Cards 2021 Panini Select Rookie Signatures,Alperen Sengun [Green Prizm] #RS-ASG,$88.17,,$81.00,$127.25,$180.28,$304.38,$396.00,$183.00,$183.00,,,$38.80,$96.99,,,$35.60,$88.99,,16,,,,,2021-06-01
4525290,Basketball Cards 2021 Panini Select Rookie Signatures,Alperen Sengun [Orange Pulsar] #RS-ASG,$136.97,,$400.00,$440.00,$484.00,$637.50,$829.00,$383.00,$383.00,,,$75.50,$151.00,,,$220.00,$440.00,,7,,,,,2021-06-01
4525330,Basketball Cards 2021 Panini Select Rookie Signatures,Alperen Sengun [Purple Pulsar] #RS-ASG,$310.90,,,$310.00,$341.00,,,,,,,$171.00,$342.00,,,,,,4,,,,,2021-06-01
4525250,Basketball Cards 2021 Panini Select Rookie Signatures,Alperen Sengun [Tie Dye Prizm] #RS-ASG,$240.00,,,$477.54,$525.00,$601.00,$781.00,$361.00,$361.00,,,$132.00,$264.00,,,,,,3,,,,,2021-06-01
4526128,Basketball Cards 2021 Panini Select Rookie Signatures,Ayo Dosunmu #RS-ADM,$19.99,,$10.50,$12.25,$56.44,$76.43,$99.00,$46.00,$46.00,,,$6.60,$21.99,,,$3.00,$11.99,,17,,,,,2021-06-01
4525211,Basketball Cards 2021 Panini Select Rookie Signatures,Ayo Dosunmu [Gold Prizm] #RS-ADM,$114.39,,$195.68,$293.00,$465.00,$474.50,$617.00,$285.00,$285.00,,,$63.00,$126.00,,,$107.50,$215.00,,12,,,,,2021-06-01
4525171,Basketball Cards 2021 Panini Select Rookie Signatures,Ayo Dosunmu [Green Prizm] #RS-ADM,$49.99,,$41.59,$86.00,$100.00,$101.99,$133.00,$61.00,$61.00,,,$22.00,$54.99,,,$18.40,$45.99,,9,,,,,2021-06-01
4525289,Basketball Cards 2021 Panini Select Rookie Signatures,Ayo Dosunmu [Orange Pulsar] #RS-ADM,$26.50,,,,,$81.00,$105.00,$49.00,$49.00,,,$8.70,$28.99,,,,,,3,,,,,2021-06-01
4525329,Basketball Cards 2021 Panini Select Rookie Signatures,Ayo Dosunmu [Purple Pulsar] #RS-ADM,$99.99,$41.00,,$13.51,$15.00,$102.50,$133.00,$62.00,$62.00,,,$55.00,$110.00,$18.00,$44.99,,,,4,,,,,2021-06-01
4525249,Basketball Cards 2021 Panini Select Rookie Signatures,Ayo Dosunmu [Tie Dye Prizm] #RS-ADM,$51.00,,,,,,,,,,,$22.40,$55.99,,,,,,2,,,,,2021-06-01
4525134,Basketball Cards 2021 Panini Select Rookie Signatures,Bones Hyland #RS-BHY,$9.99,,$12.78,$105.00,$116.00,$126.00,$164.00,$76.00,$76.00,,,$2.80,$10.99,,,$3.50,$13.99,,11,,,,,2021-06-01
4525213,Basketball Cards 2021 Panini Select Rookie Signatures,Bones Hyland [Gold Prizm] #RS-BHY,$100.00,,$250.00,,,,,,,,,$55.00,$110.00,,,$137.50,$275.00,,3,,,,,2021-06-01
4525173,Basketball Cards 2021 Panini Select Rookie Signatures,Bones Hyland [Green Prizm] #RS-BHY,$6.50,,$19.27,$132.50,$146.00,$189.72,$247.00,$114.00,$114.00,,,$1.40,$7.19,,,$6.30,$20.99,,7,,,,,2021-06-01
4525291,Basketball Cards 2021 Panini Select Rookie Signatures,Bones Hyland [Orange Pulsar] #RS-BHY,$9.50,,$30.08,,$47.00,$275.00,$358.00,$165.00,$165.00,,,$2.00,$9.99,,,$9.90,$32.99,,5,,,,,2021-06-01
4525331,Basketball Cards 2021 Panini Select Rookie Signatures,Bones Hyland [Purple Pulsar] #RS-BHY,$34.99,,,$41.00,$45.00,$45.00,$59.00,$27.00,$27.00,,,$15.20,$37.99,,,,,,3,,,,,2021-06-01
4525251,Basketball Cards 2021 Panini Select Rookie Signatures,Bones Hyland [Tie Dye Prizm] #RS-BHY,$147.78,,,$150.00,$165.00,,,,,,,$81.50,$163.00,,,,,,2,,,,,2021-06-01
4525135,Basketball Cards 2021 Panini Select Rookie Signatures,Cade Cunningham #RS-CCM,$291.66,$129.00,$160.89,$356.65,$392.00,$696.81,$906.00,$418.00,$418.00,,,$160.50,$321.00,$71.00,$142.00,$88.50,$177.00,,46,,,,,2021-06-01
4525214,Basketball Cards 2021 Panini Select Rookie Signatures,Cade Cunningham [Gold Prizm] #RS-CCM,$1146.43,,,$1075.00,$1550.00,$5451.69,$7087.00,$3271.00,$3271.00,,,$756.60,$1261.00,,,,,,5,,,,,2021-06-01
4525174,Basketball Cards 2021 Panini Select Rookie Signatures,Cade Cunningham [Green Prizm] #RS-CCM,$326.80,,$132.87,$439.15,$617.28,$760.68,$989.00,$456.00,$456.00,,,$179.50,$359.00,,,$73.00,$146.00,,13,,,,,2021-06-01
4525292,Basketball Cards 2021 Panini Select Rookie Signatures,Cade Cunningham [Orange Pulsar] #RS-CCM,,,$333.00,,$489.00,$499.00,$649.00,$299.00,$299.00,,,,,,,$183.00,$366.00,,3,,,,,2021-06-01
4525332,Basketball Cards 2021 Panini Select Rookie Signatures,Cade Cunningham [Purple Pulsar] #RS-CCM,$672.78,,,,,,,,,,,$444.00,$740.00,,,,,,1,,,,,2021-06-01
4525252,Basketball Cards 2021 Panini Select Rookie Signatures,Cade Cunningham [Tie Dye Prizm] #RS-CCM,$430.15,,$360.00,$1400.43,$1776.00,$1812.50,$2356.00,$1088.00,$1088.00,,,$236.50,$473.00,,,$198.00,$396.00,,8,,,,,2021-06-01
4525138,Basketball Cards 2021 Panini Select Rookie Signatures,Cameron Thomas #RS-CTH,$30.00,,$31.00,$66.82,$78.00,$80.00,$104.00,$48.00,$48.00,,,$9.90,$32.99,,,$10.20,$33.99,,17,,,,,2021-06-01
4525217,Basketball Cards 2021 Panini Select Rookie Signatures,Cameron Thomas [Gold Prizm] #RS-CTH,$282.68,,,$278.38,$306.00,$1800.00,$2340.00,$1080.00,$1080.00,,,$155.50,$311.00,,,,,,3,,,,,2021-06-01
4525177,Basketball Cards 2021 Panini Select Rookie Signatures,Cameron Thomas [Green Prizm] #RS-CTH,$145.00,,,,,$152.50,$198.00,$92.00,$92.00,,,$80.00,$160.00,,,,,,4,,,,,2021-06-01
4525295,Basketball Cards 2021 Panini Select Rookie Signatures,Cameron Thomas [Orange Pulsar] #RS-CTH,$75.50,,$54.90,,,$185.42,$241.00,$111.00,$111.00,,,$33.20,$82.99,,,$24.00,$59.99,,3,,,,,2021-06-01
4525335,Basketball Cards 2021 Panini Select Rookie Signatures,Cameron Thomas [Purple Pulsar] #RS-CTH,$185.00,,,$58.02,$225.00,,,,,,,$102.00,$204.00,,,,,,4,,,,,2021-06-01
4525255,Basketball Cards 2021 Panini Select Rookie Signatures,Cameron Thomas [Tie Dye Prizm] #RS-CTH,$175.00,,,,$140.21,$305.16,$397.00,$183.00,$183.00,,,$96.50,$193.00,,,,,,6,,,,,2021-06-01
4525136,Basketball Cards 2021 Panini Select Rookie Signatures,Chris Duarte #RS-CDT,$4.56,,$8.55,$18.51,$28.31,$37.63,$49.00,$23.00,$23.00,,,$1.00,$4.99,,,$1.90,$9.39,,11,,,,,2021-06-01
4525215,Basketball Cards 2021 Panini Select Rookie Signatures,Chris Duarte [Gold Prizm] #RS-CDT,$107.47,,,$15.53,$17.00,$245.29,$319.00,$147.00,$147.00,,,$59.00,$118.00,,,,,,3,,,,,2021-06-01
4525175,Basketball Cards 2021 Panini Select Rookie Signatures,Chris Duarte [Green Prizm] #RS-CDT,$4.25,,,,,$29.75,$39.00,$18.00,$18.00,,,$0.90,$4.69,,,,,,5,,,,,2021-06-01
4525293,Basketball Cards 2021 Panini Select Rookie Signatures,Chris Duarte [Orange Pulsar] #RS-CDT,$5.98,,$13.50,$25.00,$28.00,$30.00,$39.00,$18.00,$18.00,,,$1.30,$6.59,,,$3.80,$14.99,,7,,,,,2021-06-01
4525333,Basketball Cards 2021 Panini Select Rookie Signatures,Chris Duarte [Purple Pulsar] #RS-CDT,$4.25,,$22.50,,,,,,,,,$0.90,$4.69,,,$7.50,$24.99,,2,,,,,2021-06-01
4525253,Basketball Cards 2021 Panini Select Rookie Signatures,Chris Duarte [Tie Dye Prizm] #RS-CDT,$13.50,,,,$40.00,$86.75,$113.00,$52.00,$52.00,,,$3.80,$14.99,,,,,,3,,,,,2021-06-01
4525137,Basketball Cards 2021 Panini Select Rookie Signatures,Corey Kispert #RS-CKS,$5.00,,$8.89,$15.52,$29.11,$38.36,$50.00,$23.00,$23.00,,,$1.10,$5.49,,,$2.00,$9.79,,9,,,,,2021-06-01
4525216,Basketball Cards 2021 Panini Select Rookie Signatures,Corey Kispert [Gold Prizm] #RS-CKS,$28.62,,,,,$99.99,$130.00,$60.00,$60.00,,,$9.30,$30.99,,,,,,3,,,,,2021-06-01
4525176,Basketball Cards 2021 Panini Select Rookie Signatures,Corey Kispert [Green Prizm] #RS-CKS,$9.50,,,,,,,,,,,$2.00,$9.99,,,,,,3,,,,,2021-06-01
4525294,Basketball Cards 2021 Panini Select Rookie Signatures,Corey Kispert [Orange Pulsar] #RS-CKS,$7.69,,,,,,,,,,,$1.70,$8.49,,,,,,2,,,,,2021-06-01
4525334,Basketball Cards 2021 Panini Select Rookie Signatures,Corey Kispert [Purple Pulsar] #RS-CKS,$19.48,,,,,,,,,,,$6.30,$20.99,,,,,,1,,,,,2021-06-01
4525254,Basketball Cards 2021 Panini Select Rookie Signatures,Corey Kispert [Tie Dye Prizm] #RS-CKS,$34.13,,,$44.55,$49.00,$130.00,$169.00,$78.00,$78.00,,,$15.20,$37.99,,,,,,4,,,,,2021-06-01
7446089,Basketball Cards 2021 Panini Select Rookie Signatures,David Robinson [Silver Prizm] #SG-DRB,$71.04,,,,,,,,,,,$31.20,$77.99,,,,,,1,,,,,
4525139,Basketball Cards 2021 Panini Select Rookie Signatures,Davion Mitchell #RS-DML,$4.25,,$8.31,$60.00,$66.00,$69.75,$91.00,$42.00,$42.00,,,$0.90,$4.69,,,$1.80,$9.09,,12,,,,,2021-06-01
4525218,Basketball Cards 2021 Panini Select Rookie Signatures,Davion Mitchell [Gold Prizm] #RS-DML,$100.00,,,,,,,,,,,$55.00,$110.00,,,,,,1,,,,,2021-06-01
4525178,Basketball Cards 2021 Panini Select Rookie Signatures,Davion Mitchell [Green Prizm] #RS-DML,$5.43,,$10.50,$20.50,$23.00,$49.99,$65.00,$30.00,$30.00,,,$1.20,$5.99,,,$3.00,$11.99,,7,,,,,2021-06-01
4525296,Basketball Cards 2021 Panini Select Rookie Signatures,Davion Mitchell [Orange Pulsar] #RS-DML,$30.00,,$43.00,,,$102.50,$133.00,$62.00,$62.00,,,$9.90,$32.99,,,$18.80,$46.99,,3,,,,,2021-06-01
4525336,Basketball Cards 2021 Panini Select Rookie Signatures,Davion Mitchell [Purple Pulsar] #RS-DML,$34.33,,,$23.55,$26.00,,,,,,,$15.20,$37.99,,,,,,3,,,,,2021-06-01
4525256,Basketball Cards 2021 Panini Select Rookie Signatures,Davion Mitchell [Tie Dye Prizm] #RS-DML,$50.31,,,$38.00,$42.00,$159.66,$208.00,$96.00,$96.00,,,$22.00,$54.99,,,,,,4,,,,,2021-06-01
4525140,Basketball Cards 2021 Panini Select Rookie Signatures,Day'Ron Sharpe #RS-DRS,$1.85,,$6.48,$7.00,$14.00,$14.62,$19.00,$9.00,$9.00,,,,$1.99,,,$1.40,$7.09,,10,,,,,2021-06-01
4525219,Basketball Cards 2021 Panini Select Rookie Signatures,Day'Ron Sharpe [Gold Prizm] #RS-DRS,$28.36,,$25.00,,,,,,$40.00,,,$9.30,$30.99,,,$8.40,$27.99,,2,,,,,2021-06-01
4525179,Basketball Cards 2021 Panini Select Rookie Signatures,Day'Ron Sharpe [Green Prizm] #RS-DRS,$6.12,,,,,$17.49,$23.00,$10.00,$10.00,,,$1.30,$6.69,,,,,,3,,,,,2021-06-01
4525297,Basketball Cards 2021 Panini Select Rookie Signatures,Day'Ron Sharpe [Orange Pulsar] #RS-DRS,$6.50,,,,,,,,,,,$1.40,$7.19,,,,,,2,,,,,2021-06-01
4525337,Basketball Cards 2021 Panini Select Rookie Signatures,Day'Ron Sharpe [Purple Pulsar] #RS-DRS,$22.00,,,,,$40.00,$52.00,$24.00,$24.00,,,$7.20,$23.99,,,,,,2,,,,,2021-06-01
4525257,Basketball Cards 2021 Panini Select Rookie Signatures,Day'Ron Sharpe [Tie Dye Prizm] #RS-DRS,$7.50,,,,,,,,,,,$1.70,$8.29,,,,,,1,,,,,2021-06-01
4525141,Basketball Cards 2021 Panini Select Rookie Signatures,Evan Mobley #RS-EMB,$65.04,,$59.94,$71.00,$85.00,$182.63,$237.00,$110.00,$110.00,,,$28.80,$71.99,,,$26.40,$65.99,,26,,,,,2021-06-01
4525220,Basketball Cards 2021 Panini Select Rookie Signatures,Evan Mobley [Gold Prizm] #RS-EMB,$250.00,,$219.86,$242.00,$266.00,$790.90,$1028.00,$475.00,$475.00,,,$137.50,$275.00,,,$121.00,$242.00,,5,,,,,2021-06-01
4525180,Basketball Cards 2021 Panini Select Rookie Signatures,Evan Mobley [Green Prizm] #RS-EMB,$63.19,,$91.89,$101.00,$134.86,$177.50,$231.00,$107.00,$107.00,,,$28.00,$69.99,,,$50.50,$101.00,,12,,,,,2021-06-01
4525298,Basketball Cards 2021 Panini Select Rookie Signatures,Evan Mobley [Orange Pulsar] #RS-EMB,,$122.96,,$250.00,$275.00,$304.00,$395.00,$182.00,$182.00,,,,,$67.50,$135.00,,,,3,,,,,2021-06-01
4525338,Basketball Cards 2021 Panini Select Rookie Signatures,Evan Mobley [Purple Pulsar] #RS-EMB,$202.97,,,,,,,,,,,$111.50,$223.00,,,,,,1,,,,,2021-06-01
4525258,Basketball Cards 2021 Panini Select Rookie Signatures,Evan Mobley [Tie Dye Prizm] #RS-EMB,$94.48,,$229.99,$253.00,$278.00,$457.98,$595.00,$275.00,$275.00,,,$52.00,$104.00,,,$126.50,$253.00,,6,,,,,2021-06-01
4525142,Basketball Cards 2021 Panini Select Rookie Signatures,Franz Wagner #RS-FWG,$40.00,$40.00,$49.98,$73.00,$80.00,$99.00,$129.00,$59.00,$114.99,,,$17.60,$43.99,$17.60,$43.99,$22.00,$54.99,,23,,,,,2021-06-01
4525221,Basketball Cards 2021 Panini Select Rookie Signatures,Franz Wagner [Gold Prizm] #RS-FWG,$300.25,,$690.00,$759.00,$835.00,,,,,,,$165.00,$330.00,,,$455.40,$759.00,,5,,,,,2021-06-01
4525181,Basketball Cards 2021 Panini Select Rookie Signatures,Franz Wagner [Green Prizm] #RS-FWG,$83.50,,$70.02,$96.00,$164.00,$167.35,$218.00,$100.00,$100.00,,,$36.80,$91.99,,,$30.80,$76.99,,12,,,,,2021-06-01
4525299,Basketball Cards 2021 Panini Select Rookie Signatures,Franz Wagner [Orange Pulsar] #RS-FWG,$123.00,,$262.23,$288.00,$317.00,,,,,,,$67.50,$135.00,,,$144.00,$288.00,,7,,,,,2021-06-01
4525339,Basketball Cards 2021 Panini Select Rookie Signatures,Franz Wagner [Purple Pulsar] #RS-FWG,$162.50,,,,,$525.00,$683.00,$315.00,$315.00,,,$89.50,$179.00,,,,,,3,,,,,2021-06-01
4525259,Basketball Cards 2021 Panini Select Rookie Signatures,Franz Wagner [Tie Dye Prizm] #RS-FWG,$244.07,,$92.00,$175.25,$282.00,$345.24,$449.00,$207.00,$207.00,,,$134.00,$268.00,,,$50.50,$101.00,,8,,,,,2021-06-01
4525143,Basketball Cards 2021 Panini Select Rookie Signatures,Greg Brown III #RS-GB3,$1.31,,$6.01,$11.44,$22.37,$32.18,$42.00,$19.00,$19.00,,,,$1.39,,,$1.30,$6.59,,6,,,,,2021-06-01
4525222,Basketball Cards 2021 Panini Select Rookie Signatures,Greg Brown III [Gold Prizm] #RS-GB3,$6.50,,,,,,,,,,,$1.40,$7.19,,,,,,2,,,,,2021-06-01
4525182,Basketball Cards 2021 Panini Select Rookie Signatures,Greg Brown III [Green Prizm] #RS-GB3,$2.49,,,,,,,,,,,,$2.69,,,,,,3,,,,,2021-06-01
4525300,Basketball Cards 2021 Panini Select Rookie Signatures,Greg Brown III [Orange Pulsar] #RS-GB3,$3.38,,,,,,,,,,,,$3.69,,,,,,3,,,,,2021-06-01
4525340,Basketball Cards 2021 Panini Select Rookie Signatures,Greg Brown III [Purple Pulsar] #RS-GB3,$40.00,,,,,,,,,,,$17.60,$43.99,,,,,,1,,,,,2021-06-01
4525260,Basketball Cards 2021 Panini Select Rookie Signatures,Greg Brown III [Tie Dye Prizm] #RS-GB3,$13.81,,,,,,,,,,,$3.80,$14.99,,,,,,1,,,,,2021-06-01
4525144,Basketball Cards 2021 Panini Select Rookie Signatures,Herbert Jones #RS-HBJ,$6.56,$7.50,$10.77,$17.29,$32.07,$33.30,$43.00,$20.00,$30.00,,,$1.40,$7.19,$1.70,$8.29,$3.00,$11.99,,18,,,,,2021-06-01
4525223,Basketball Cards 2021 Panini Select Rookie Signatures,Herbert Jones [Gold Prizm] #RS-HBJ,$85.41,,,$200.00,$220.00,,,,,,,$37.60,$93.99,,,,,,3,,,,,2021-06-01
4525183,Basketball Cards 2021 Panini Select Rookie Signatures,Herbert Jones [Green Prizm] #RS-HBJ,$13.16,,,$14.50,$16.00,$52.21,$68.00,$31.00,$31.00,,,$3.50,$13.99,,,,,,5,,,,,2021-06-01
4525301,Basketball Cards 2021 Panini Select Rookie Signatures,Herbert Jones [Orange Pulsar] #RS-HBJ,$21.59,,$26.00,,,$72.00,$94.00,$43.00,$43.00,,,$7.20,$23.99,,,$8.70,$28.99,,4,,,,,2021-06-01
4525341,Basketball Cards 2021 Panini Select Rookie Signatures,Herbert Jones [Purple Pulsar] #RS-HBJ,$31.60,,,,,,,,,,,$10.50,$34.99,,,,,,1,,,,,2021-06-01
4525261,Basketball Cards 2021 Panini Select Rookie Signatures,Herbert Jones [Tie Dye Prizm] #RS-HBJ,$19.84,,,,,$150.00,$195.00,$90.00,$90.00,,,$6.60,$21.99,,,,,,3,,,,,2021-06-01
4525145,Basketball Cards 2021 Panini Select Rookie Signatures,Isaiah Jackson #RS-IJK,$3.92,,$9.35,$16.17,$18.00,$39.34,$51.00,$24.00,$24.00,,,$0.90,$4.29,,,$2.00,$9.99,,10,,,,,2021-06-01
4525224,Basketball Cards 2021 Panini Select Rookie Signatures,Isaiah Jackson [Gold Prizm] #RS-IJK,$84.03,,,,,$150.00,$195.00,$90.00,$90.00,,,$36.80,$91.99,,,,,,2,,,,,2021-06-01
4525184,Basketball Cards 2021 Panini Select Rookie Signatures,Isaiah Jackson [Green Prizm] #RS-IJK,$6.50,,,,,,,,$11.61,,,$1.40,$7.19,,,,,,4,,,,,2021-06-01
4525302,Basketball Cards 2021 Panini Select Rookie Signatures,Isaiah Jackson [Orange Pulsar] #RS-IJK,$12.92,,,,,,,,,,,$3.50,$13.99,,,,,,2,,,,,2021-06-01
4525342,Basketball Cards 2021 Panini Select Rookie Signatures,Isaiah Jackson [Purple Pulsar] #RS-IJK,$5.55,,,,,,,,,,,$1.20,$6.09,,,,,,1,,,,,2021-06-01
4525262,Basketball Cards 2021 Panini Select Rookie Signatures,Isaiah Jackson [Tie Dye Prizm] #RS-IJK,$8.50,,,,,,,,,,,$1.90,$9.39,,,,,,1,,,,,2021-06-01
4525146,Basketball Cards 2021 Panini Select Rookie Signatures,Isaiah Livers #RS-ILV,$2.49,,$6.94,$9.65,$24.54,$28.25,$37.00,$17.00,$17.00,,,,$2.69,,,$1.50,$7.59,,11,,,,,2021-06-01
4525225,Basketball Cards 2021 Panini Select Rookie Signatures,Isaiah Livers [Gold Prizm] #RS-ILV,$20.50,,,,,,,,,,,$6.90,$22.99,,,,,,2,,,,,2021-06-01
4525185,Basketball Cards 2021 Panini Select Rookie Signatures,Isaiah Livers [Green Prizm] #RS-ILV,$3.55,,,,,$14.53,$19.00,$9.00,$9.00,,,$0.80,$3.89,,,,,,5,,,,,2021-06-01
4525303,Basketball Cards 2021 Panini Select Rookie Signatures,Isaiah Livers [Orange Pulsar] #RS-ILV,$6.60,,,,,,,,,,,$1.50,$7.29,,,,,,2,,,,,2021-06-01
4525343,Basketball Cards 2021 Panini Select Rookie Signatures,Isaiah Livers [Purple Pulsar] #RS-ILV,$6.50,,,,,,,,,,,$1.40,$7.19,,,,,,1,,,,,2021-06-01
4525263,Basketball Cards 2021 Panini Select Rookie Signatures,Isaiah Livers [Tie Dye Prizm] #RS-ILV,$10.52,,,,,,,,,,,$3.00,$11.99,,,,,,2,,,,,2021-06-01
4525147,Basketball Cards 2021 Panini Select Rookie Signatures,Isaiah Todd #RS-ITD,$2.26,,$6.76,$12.50,$24.12,$33.78,$44.00,$20.00,$20.00,,,,$2.49,,,$1.50,$7.39,,7,,,,,2021-06-01
4525226,Basketball Cards 2021 Panini Select Rookie Signatures,Isaiah Todd [Gold Prizm] #RS-ITD,$11.00,,,,,,,,,,,$3.00,$11.99,,,,,,2,,,,,2021-06-01
4525186,Basketball Cards 2021 Panini Select Rookie Signatures,Isaiah Todd [Green Prizm] #RS-ITD,$3.00,,,,,,,,,,,,$3.29,,,,,,4,,,,,2021-06-01
4525304,Basketball Cards 2021 Panini Select Rookie Signatures,Isaiah Todd [Orange Pulsar] #RS-ITD,$5.00,,,,,,,,,,,$1.10,$5.49,,,,,,1,,,,,2021-06-01
4525344,Basketball Cards 2021 Panini Select Rookie Signatures,Isaiah Todd [Purple Pulsar] #RS-ITD,$6.25,,,$20.25,$22.00,,,,,,,$1.40,$6.89,,,,,,2,,,,,2021-06-01
4525264,Basketball Cards 2021 Panini Select Rookie Signatures,Isaiah Todd [Tie Dye Prizm] #RS-ITD,$13.25,,,,,,,,,,,$3.80,$14.99,,,,,,1,,,,,2021-06-01
4525158,Basketball Cards 2021 Panini Select Rookie Signatures,Jaden Springer #RS-JSP,$2.00,,$6.56,$9.00,$17.00,$17.46,$23.00,$10.00,$10.00,,,,$2.19,,,$1.40,$7.19,,13,,,,,2021-06-01
4525236,Basketball Cards 2021 Panini Select Rookie Signatures,Jaden Springer [Gold Prizm] #RS-JSP,$55.04,,,,,,,,,,,$24.40,$60.99,,,,,,1,,,,,2021-06-01
4525197,Basketball Cards 2021 Panini Select Rookie Signatures,Jaden Springer [Green Prizm] #RS-JSP,$11.19,,,,,$20.00,$26.00,$12.00,$12.00,,,$3.00,$11.99,,,,,,5,,,,,2021-06-01
4525315,Basketball Cards 2021 Panini Select Rookie Signatures,Jaden Springer [Orange Pulsar] #RS-JSP,$6.50,,,,,,,,,,,$1.40,$7.19,,,,,,3,,,,,2021-06-01
4525355,Basketball Cards 2021 Panini Select Rookie Signatures,Jaden Springer [Purple Pulsar] #RS-JSP,$44.15,,,,,$62.00,$81.00,$37.00,$37.00,,,$19.60,$48.99,,,,,,2,,,,,2021-06-01
4525275,Basketball Cards 2021 Panini Select Rookie Signatures,Jaden Springer [Tie Dye Prizm] #RS-JSP,$20.24,,,,,$85.00,$111.00,$51.00,$51.00,,,$6.60,$21.99,,,,,,2,,,,,2021-06-01
4525152,Basketball Cards 2021 Panini Select Rookie Signatures,Jalen Green #RS-JGR,$48.73,,$120.66,$133.00,$153.25,$160.00,$208.00,$96.00,$96.00,,,$21.60,$53.99,,,$66.50,$133.00,,32,,,,,2021-06-01
4525231,Basketball Cards 2021 Panini Select Rookie Signatures,Jalen Green [Gold Prizm] #RS-JGR,$766.64,,$322.50,,,,,,,,,$505.80,$843.00,,,$177.50,$355.00,,2,,,,,2021-06-01
4525191,Basketball Cards 2021 Panini Select Rookie Signatures,Jalen Green [Green Prizm] #RS-JGR,$103.75,$100.00,,$213.50,$235.00,$256.00,$333.00,$154.00,$154.00,,,$57.00,$114.00,$55.00,$110.00,,,,8,,,,,2021-06-01
4525309,Basketball Cards 2021 Panini Select Rookie Signatures,Jalen Green [Orange Pulsar] #RS-JGR,$240.02,,,,,$324.00,$421.00,$194.00,$194.00,,,$132.00,$264.00,,,,,,3,,,,,2021-06-01
4525349,Basketball Cards 2021 Panini Select Rookie Signatures,Jalen Green [Purple Pulsar] #RS-JGR,$790.00,,,$161.51,$178.00,,,,,,,$521.40,$869.00,,,,,,2,,,,,2021-06-01
4525269,Basketball Cards 2021 Panini Select Rookie Signatures,Jalen Green [Tie Dye Prizm] #RS-JGR,$285.00,,$87.00,$360.00,$396.00,$560.00,$728.00,$336.00,$336.00,,,$157.00,$314.00,,,$38.40,$95.99,,8,,,,,2021-06-01
4525153,Basketball Cards 2021 Panini Select Rookie Signatures,Jalen Johnson #RS-JJN,$95.00,,$22.76,$51.01,$187.00,$190.34,$247.00,$114.00,$114.00,,,$52.50,$105.00,,,$7.50,$24.99,,24,,,,,2021-06-01
4525232,Basketball Cards 2021 Panini Select Rookie Signatures,Jalen Johnson [Gold Prizm] #RS-JJN,$153.07,,,$310.00,$341.00,,,,,,,$84.00,$168.00,,,,,,2,,,,,2021-06-01
4525192,Basketball Cards 2021 Panini Select Rookie Signatures,Jalen Johnson [Green Prizm] #RS-JJN,$105.00,,$75.00,$239.50,$263.00,$283.25,$368.00,$170.00,$170.00,,,$58.00,$116.00,,,$33.20,$82.99,,14,,,,,2021-06-01
4525310,Basketball Cards 2021 Panini Select Rookie Signatures,Jalen Johnson [Orange Pulsar] #RS-JJN,$129.99,,,,,$238.25,$310.00,$143.00,$143.00,,,$71.50,$143.00,,,,,,4,,,,,2021-06-01
4525350,Basketball Cards 2021 Panini Select Rookie Signatures,Jalen Johnson [Purple Pulsar] #RS-JJN,$160.30,,,,,$259.00,$337.00,$155.00,$155.00,,,$88.00,$176.00,,,,,,4,,,,,2021-06-01
4525270,Basketball Cards 2021 Panini Select Rookie Signatures,Jalen Johnson [Tie Dye Prizm] #RS-JJN,$134.95,,,,$291.00,$297.31,$387.00,$178.00,$178.00,,,$74.00,$148.00,,,,,,6,,,,,2021-06-01
4525157,Basketball Cards 2021 Panini Select Rookie Signatures,Jalen Suggs #RS-JSG,$7.80,$9.00,$11.00,$610.00,$671.00,$732.00,$952.00,$439.00,$439.00,,,$1.70,$8.59,$2.00,$9.89,$3.00,$11.99,,17,,,,,2021-06-01
4525235,Basketball Cards 2021 Panini Select Rookie Signatures,Jalen Suggs [Gold Prizm] #RS-JSG,$74.69,,$195.25,$225.54,$248.00,$407.57,$530.00,$245.00,$245.00,,,$32.80,$81.99,,,$107.50,$215.00,,6,,,,,2021-06-01
4525196,Basketball Cards 2021 Panini Select Rookie Signatures,Jalen Suggs [Green Prizm] #RS-JSG,$31.67,,$29.84,$55.00,$78.11,$90.00,$117.00,$54.00,$54.00,,,$10.50,$34.99,,,$9.90,$32.99,,11,,,,,2021-06-01
4525314,Basketball Cards 2021 Panini Select Rookie Signatures,Jalen Suggs [Orange Pulsar] #RS-JSG,$146.78,$224.50,,$103.25,$110.00,$112.51,$146.00,$68.00,$68.00,,,$80.50,$161.00,$123.50,$247.00,,,,4,,,,,2021-06-01
4525354,Basketball Cards 2021 Panini Select Rookie Signatures,Jalen Suggs [Purple Pulsar] #RS-JSG,$98.25,,,$134.92,$148.00,$277.38,$361.00,$166.00,$166.00,,,$54.00,$108.00,,,,,,4,,,,,2021-06-01
4525274,Basketball Cards 2021 Panini Select Rookie Signatures,Jalen Suggs [Tie Dye Prizm] #RS-JSG,$120.00,,,$34.45,$38.00,$299.99,$390.00,$180.00,$180.00,,,$66.00,$132.00,,,,,,4,,,,,2021-06-01
4525148,Basketball Cards 2021 Panini Select Rookie Signatures,James Bouknight #RS-JBO,$3.50,,$7.72,$13.86,$26.36,$35.84,$47.00,$22.00,$22.00,,,$0.80,$3.89,,,$1.70,$8.49,,6,,,,,2021-06-01
4525227,Basketball Cards 2021 Panini Select Rookie Signatures,James Bouknight [Gold Prizm] #RS-JBO,$26.96,,,,,,,,,,,$9.00,$29.99,,,,,,3,,,,,2021-06-01
4525187,Basketball Cards 2021 Panini Select Rookie Signatures,James Bouknight [Green Prizm] #RS-JBO,$2.12,,,,,,,,,,,,$2.29,,,,,,1,,,,,2021-06-01
4525305,Basketball Cards 2021 Panini Select Rookie Signatures,James Bouknight [Orange Pulsar] #RS-JBO,$7.51,,,,,,,,,,,$1.70,$8.29,,,,,,1,,,,,2021-06-01
4525345,Basketball Cards 2021 Panini Select Rookie Signatures,James Bouknight [Purple Pulsar] #RS-JBO,$3.11,,,,,,,,,,,,$3.39,,,,,,1,,,,,2021-06-01
4525265,Basketball Cards 2021 Panini Select Rookie Signatures,James Bouknight [Tie Dye Prizm] #RS-JBO,$7.28,,,,,,,,,,,$1.60,$7.99,,,,,,1,,,,,2021-06-01
4525149,Basketball Cards 2021 Panini Select Rookie Signatures,Jared Butler #RS-JBT,$3.65,,$7.84,$14.03,$26.64,$36.10,$47.00,$22.00,$22.00,,,$0.80,$3.99,,,$1.70,$8.59,,8,,,,,2021-06-01
4525228,Basketball Cards 2021 Panini Select Rookie Signatures,Jared Butler [Gold Prizm] #RS-JBT,$15.63,,,,,,,,,,,$4.30,$16.99,,,,,,1,,,,,2021-06-01
4525188,Basketball Cards 2021 Panini Select Rookie Signatures,Jared Butler [Green Prizm] #RS-JBT,$3.62,,,$7.50,$8.00,$15.50,$20.00,$9.00,$9.00,,,$0.80,$3.99,,,,,,6,,,,,2021-06-01
4525306,Basketball Cards 2021 Panini Select Rookie Signatures,Jared Butler [Orange Pulsar] #RS-JBT,$6.51,,,,,,,,,,,$1.40,$7.19,,,,,,1,,,,,2021-06-01
4525346,Basketball Cards 2021 Panini Select Rookie Signatures,Jared Butler [Purple Pulsar] #RS-JBT,$13.02,,,,,,,,$9.50,,,$3.50,$13.99,,,,,,1,,,,,2021-06-01
4525266,Basketball Cards 2021 Panini Select Rookie Signatures,Jared Butler [Tie Dye Prizm] #RS-JBT,$6.39,,,,,,,,,,,$1.40,$6.99,,,,,,2,,,,,2021-06-01
4525155,Basketball Cards 2021 Panini Select Rookie Signatures,Jason Preston #RS-JPT,$1.76,,$6.37,$7.00,$23.21,$32.94,$43.00,$20.00,$20.00,,,,$1.89,,,$1.40,$6.99,,9,,,,,2021-06-01
4525233,Basketball Cards 2021 Panini Select Rookie Signatures,Jason Preston [Gold Prizm] #RS-JPT,$4.84,,,,,,,,,,,$1.10,$5.29,,,,,,1,,,,,2021-06-01
4525194,Basketball Cards 2021 Panini Select Rookie Signatures,Jason Preston [Green Prizm] #RS-JPT,$4.90,,,,,,,,,,,$1.10,$5.39,,,,,,2,,,,,2021-06-01
4525312,Basketball Cards 2021 Panini Select Rookie Signatures,Jason Preston [Orange Pulsar] #RS-JPT,$3.07,,,,,,,,,,,,$3.39,,,,,,1,,,,,2021-06-01
4525352,Basketball Cards 2021 Panini Select Rookie Signatures,Jason Preston [Purple Pulsar] #RS-JPT,$99.99,,,,,,,,,,,$55.00,$110.00,,,,,,0,,,,,2021-06-01
4525272,Basketball Cards 2021 Panini Select Rookie Signatures,Jason Preston [Tie Dye Prizm] #RS-JPT,$3.12,,,,,,,,,,,,$3.39,,,,,,2,,,,,2021-06-01
4525156,Basketball Cards 2021 Panini Select Rookie Signatures,Jeremiah Robinson Earl #RS-JRE,$2.30,,$7.87,$14.07,$26.71,$36.14,$47.00,$22.00,$22.00,,,,$2.49,,,$1.70,$8.69,,9,,,,,2021-06-01
4525234,Basketball Cards 2021 Panini Select Rookie Signatures,Jeremiah Robinson Earl [Gold Prizm] #RS-JRE,$25.58,,,,,,,,,,,$8.40,$27.99,,,,,,1,,,,,2021-06-01
4525195,Basketball Cards 2021 Panini Select Rookie Signatures,Jeremiah Robinson Earl [Green Prizm] #RS-JRE,$2.38,,,,,,,,,,,,$2.59,,,,,,3,,,,,2021-06-01
4525313,Basketball Cards 2021 Panini Select Rookie Signatures,Jeremiah Robinson Earl [Orange Pulsar] #RS-JRE,$2.25,,,$9.50,$10.00,,,,,,,,$2.49,,,,,,2,,,,,2021-06-01
4525353,Basketball Cards 2021 Panini Select Rookie Signatures,Jeremiah Robinson Earl [Purple Pulsar] #RS-JRE,$3.25,,,$11.50,$13.00,,,,,,,,$3.59,,,,,,4,,,,,2021-06-01
4525273,Basketball Cards 2021 Panini Select Rookie Signatures,Jeremiah Robinson Earl [Tie Dye Prizm] #RS-JRE,$8.23,,$8.50,,,,,,,,,$1.80,$9.09,,,$1.90,$9.39,,2,,,,,2021-06-01
4525159,Basketball Cards 2021 Panini Select Rookie Signatures,Joe Wieskamp #RS-JWK,$3.55,,,,,,,,,,,$0.80,$3.89,,,,,,5,,,,,2021-06-01
4525237,Basketball Cards 2021 Panini Select Rookie Signatures,Joe Wieskamp [Gold Prizm] #RS-JWK,$23.75,,,,,,,,,,,$7.80,$25.99,,,,,,1,,,,,2021-06-01
4525198,Basketball Cards 2021 Panini Select Rookie Signatures,Joe Wieskamp [Green Prizm] #RS-JWK,$7.50,,,,,,,,,,,$1.70,$8.29,,,,,,3,,,,,2021-06-01
4525316,Basketball Cards 2021 Panini Select Rookie Signatures,Joe Wieskamp [Orange Pulsar] #RS-JWK,$6.65,,,,,,,,,,,$1.50,$7.29,,,,,,2,,,,,2021-06-01
4525356,Basketball Cards 2021 Panini Select Rookie Signatures,Joe Wieskamp [Purple Pulsar] #RS-JWK,$22.50,,,,,,,,,,,$7.50,$24.99,,,,,,1,,,,,2021-06-01
4525276,Basketball Cards 2021 Panini Select Rookie Signatures,Joe Wieskamp [Tie Dye Prizm] #RS-JWK,$14.71,,,,,,,,,,,$4.00,$15.99,,,,,,2,,,,,2021-06-01
4525154,Basketball Cards 2021 Panini Select Rookie Signatures,Jonathan Kuminga #RS-JKM,$56.58,,$50.23,$79.19,$146.21,$164.99,$214.00,$99.00,$99.00,,,$24.80,$61.99,,,$22.00,$54.99,,25,,,,,2021-06-01
4526129,Basketball Cards 2021 Panini Select Rookie Signatures,Jonathan Kuminga [Gold Prizm] #RS-JKM,$455.00,,,$1000.00,$1005.00,$1025.00,$1333.00,$615.00,$615.00,,,$300.60,$501.00,,,,,,3,,,,,2021-06-01
4525193,Basketball Cards 2021 Panini Select Rookie Signatures,Jonathan Kuminga [Green Prizm] #RS-JKM,$81.00,,$87.80,$97.00,$140.03,$380.48,$495.00,$228.00,$228.00,,,$35.60,$88.99,,,$38.80,$96.99,,12,,,,,2021-06-01
4525311,Basketball Cards 2021 Panini Select Rookie Signatures,Jonathan Kuminga [Orange Pulsar] #RS-JKM,$122.88,,,$76.75,$84.00,$510.00,$663.00,$306.00,$306.00,,,$67.50,$135.00,,,,,,5,,,,,2021-06-01
4525351,Basketball Cards 2021 Panini Select Rookie Signatures,Jonathan Kuminga [Purple Pulsar] #RS-JKM,$213.69,,$249.99,$410.00,$451.00,,,,,,,$117.50,$235.00,,,$137.50,$275.00,,3,,,,,2021-06-01
4525271,Basketball Cards 2021 Panini Select Rookie Signatures,Jonathan Kuminga [Tie Dye Prizm] #RS-JKM,$197.56,,$245.39,,$229.00,$233.39,$303.00,$140.00,$140.00,,,$108.50,$217.00,,,$135.00,$270.00,,5,,,,,2021-06-01
4525150,Basketball Cards 2021 Panini Select Rookie Signatures,Josh Christopher #RS-JCH,$3.83,,$7.98,$14.23,$26.97,$36.39,$47.00,$22.00,$22.00,,,$0.80,$4.19,,,$1.80,$8.79,,7,,,,,2021-06-01
4525229,Basketball Cards 2021 Panini Select Rookie Signatures,Josh Christopher [Gold Prizm] #RS-JCH,$35.26,,,,,,,,$55.00,,,$15.60,$38.99,,,,,,2,,,,,2021-06-01
4525189,Basketball Cards 2021 Panini Select Rookie Signatures,Josh Christopher [Green Prizm] #RS-JCH,$12.61,,,$5.50,$6.00,$19.01,$25.00,$11.00,$11.00,,,$3.50,$13.99,,,,,,4,,,,,2021-06-01
4525307,Basketball Cards 2021 Panini Select Rookie Signatures,Josh Christopher [Orange Pulsar] #RS-JCH,$8.86,,,$69.99,$77.00,,,,,,,$2.00,$9.79,,,,,,2,,,,,2021-06-01
4525347,Basketball Cards 2021 Panini Select Rookie Signatures,Josh Christopher [Purple Pulsar] #RS-JCH,$36.00,,,,,,,,,,,$16.00,$39.99,,,,,,1,,,,,2021-06-01
4525267,Basketball Cards 2021 Panini Select Rookie Signatures,Josh Christopher [Tie Dye Prizm] #RS-JCH,$6.43,,,,,,,,,,,$1.40,$7.09,,,,,,1,,,,,2021-06-01
4525151,Basketball Cards 2021 Panini Select Rookie Signatures,Josh Giddey #RS-JGD,$51.21,,$55.89,$86.54,$115.00,$117.32,$153.00,$70.00,$75.00,,,$22.40,$55.99,,,$24.40,$60.99,,25,,,,,2021-06-01
4525230,Basketball Cards 2021 Panini Select Rookie Signatures,Josh Giddey [Gold Prizm] #RS-JGD,$201.51,,,$286.08,$340.00,,,,,,,$111.00,$222.00,,,,,,7,,,,,2021-06-01
4525190,Basketball Cards 2021 Panini Select Rookie Signatures,Josh Giddey [Green Prizm] #RS-JGD,$80.93,,$47.00,$86.44,$95.00,$170.81,$222.00,$102.00,$102.00,,,$35.60,$88.99,,,$20.80,$51.99,,18,,,,,2021-06-01
4525308,Basketball Cards 2021 Panini Select Rookie Signatures,Josh Giddey [Orange Pulsar] #RS-JGD,$80.00,,$108.02,,,$168.50,$219.00,$101.00,$113.50,,,$35.20,$87.99,,,$59.50,$119.00,,6,,,,,2021-06-01
4525348,Basketball Cards 2021 Panini Select Rookie Signatures,Josh Giddey [Purple Pulsar] #RS-JGD,$266.52,,,$60.00,$66.00,$274.50,$357.00,$165.00,$165.00,,,$146.50,$293.00,,,,,,3,,,,,2021-06-01
4525268,Basketball Cards 2021 Panini Select Rookie Signatures,Josh Giddey [Tie Dye Prizm] #RS-JGD,$300.00,,$174.64,$295.10,$325.00,$499.99,$650.00,$300.00,$300.00,,,$165.00,$330.00,,,$96.00,$192.00,,11,,,,,2021-06-01
4251637,Basketball Cards 2021 Panini Select Rookie Signatures,Kai Jones #RS-KJN,$3.75,,,,,$11.99,$16.00,$7.00,$7.00,,,$0.80,$4.09,,,,,,10,,,,,
4525238,Basketball Cards 2021 Panini Select Rookie Signatures,Kai Jones [Gold Prizm] #RS-KJN,$50.52,,,,,,,,,,,$22.40,$55.99,,,,,,2,,,,,2021-06-01
4525199,Basketball Cards 2021 Panini Select Rookie Signatures,Kai Jones [Green Prizm] #RS-KJN,$11.97,,,,,$26.08,$34.00,$16.00,$16.00,,,$3.30,$12.99,,,,,,3,,,,,2021-06-01
4525317,Basketball Cards 2021 Panini Select Rookie Signatures,Kai Jones [Orange Pulsar] #RS-KJN,$6.29,,,,,,,,,,,$1.40,$6.89,,,,,,2,,,,,2021-06-01
4405202,Basketball Cards 2021 Panini Select Rookie Signatures,Kai Jones [Purple Pulsar] #RS-KJN,$199.99,,,,,,,,,,,$110.00,$220.00,,,,,,1,,,,,
4525277,Basketball Cards 2021 Panini Select Rookie Signatures,Kai Jones [Tie Dye Prizm] #RS-KJN,$40.00,,,,,,,,,,,$17.60,$43.99,,,,,,1,,,,,2021-06-01
4525160,Basketball Cards 2021 Panini Select Rookie Signatures,Keon Johnson #RS-KJN,$5.25,,$9.09,$11.00,$29.54,$38.74,$50.00,$23.00,$23.00,,,$1.20,$5.79,,,$2.00,$9.99,,14,,,,,2021-06-01
4526130,Basketball Cards 2021 Panini Select Rookie Signatures,Keon Johnson [Gold Prizm] #RS-KJN,$9.16,,,,,,,,,,,$2.00,$9.99,,,,,,2,,,,,2021-06-01
4525200,Basketball Cards 2021 Panini Select Rookie Signatures,Keon Johnson [Green Prizm] #RS-KJN,$4.25,,,$14.99,$16.00,$57.00,$74.00,$34.00,$34.00,,,$0.90,$4.69,,,,,,5,,,,,2021-06-01
4525318,Basketball Cards 2021 Panini Select Rookie Signatures,Keon Johnson [Orange Pulsar] #RS-KJN,$2.79,,,,,,,,,,,,$3.09,,,,,,3,,,,,2021-06-01
4525357,Basketball Cards 2021 Panini Select Rookie Signatures,Keon Johnson [Purple Pulsar] #RS-KJN,$9.90,,,,,,,,,,,$2.80,$10.99,,,,,,1,,,,,2021-06-01
4525278,Basketball Cards 2021 Panini Select Rookie Signatures,Keon Johnson [Tie Dye Prizm] #RS-KJN,$10.99,,,$35.00,$39.00,,,,,,,$3.00,$11.99,,,,,,2,,,,,2021-06-01
4525161,Basketball Cards 2021 Panini Select Rookie Signatures,Kessler Edwards #RS-KSW,$2.99,,$7.33,$13.31,$13.50,$59.98,$78.00,$36.00,$36.00,,,,$3.29,,,$1.60,$8.09,,11,,,,,2021-06-01
4525239,Basketball Cards 2021 Panini Select Rookie Signatures,Kessler Edwards [Gold Prizm] #RS-KSW,$20.59,,$40.00,,,,,,,,,$6.90,$22.99,,,$17.60,$43.99,,2,,,,,2021-06-01
4525201,Basketball Cards 2021 Panini Select Rookie Signatures,Kessler Edwards [Green Prizm] #RS-KSW,$1.44,,,,,,,,,,,,$1.59,,,,,,4,,,,,2021-06-01
4525319,Basketball Cards 2021 Panini Select Rookie Signatures,Kessler Edwards [Orange Pulsar] #RS-KSW,$2.13,,,,,,,,,,,,$2.29,,,,,,2,,,,,2021-06-01
4525358,Basketball Cards 2021 Panini Select Rookie Signatures,Kessler Edwards [Purple Pulsar] #RS-KSW,$9.73,,,,,,,,,,,$2.80,$10.99,,,,,,1,,,,,2021-06-01
4525279,Basketball Cards 2021 Panini Select Rookie Signatures,Kessler Edwards [Tie Dye Prizm] #RS-KSW,$19.65,,,,,,,,,,,$6.60,$21.99,,,,,,1,,,,,2021-06-01
4525162,Basketball Cards 2021 Panini Select Rookie Signatures,Luka Garza #RS-LGZ,$13.29,,$15.35,$20.00,$31.00,$31.50,$41.00,$19.00,$19.00,,,$3.80,$14.99,,,$4.30,$16.99,,13,,,,,2021-06-01
4525240,Basketball Cards 2021 Panini Select Rookie Signatures,Luka Garza [Gold Prizm] #RS-LGZ,$38.00,,,$119.99,$132.00,,,,,,,$16.80,$41.99,,,,,,2,,,,,2021-06-01
4525202,Basketball Cards 2021 Panini Select Rookie Signatures,Luka Garza [Green Prizm] #RS-LGZ,$12.14,,,,,$60.72,$79.00,$36.00,$36.00,,,$3.30,$12.99,,,,,,5,,,,,2021-06-01
4525320,Basketball Cards 2021 Panini Select Rookie Signatures,Luka Garza [Orange Pulsar] #RS-LGZ,$15.48,,,,,,,,,,,$4.30,$16.99,,,,,,3,,,,,2021-06-01
4525359,Basketball Cards 2021 Panini Select Rookie Signatures,Luka Garza [Purple Pulsar] #RS-LGZ,$17.01,,,,,$89.99,$117.00,$54.00,$54.00,,,$4.80,$18.99,,,,,,4,,,,,2021-06-01
4525280,Basketball Cards 2021 Panini Select Rookie Signatures,Luka Garza [Tie Dye Prizm] #RS-LGZ,$19.17,,,,,,,,,,,$6.30,$20.99,,,,,,4,,,,,2021-06-01
4525163,Basketball Cards 2021 Panini Select Rookie Signatures,Miles McBride #RS-MMB,$14.01,,$15.91,$25.45,$36.00,$37.00,$48.00,$22.00,$22.00,,,$3.80,$14.99,,,$4.50,$17.99,,10,,,,,2021-06-01
4525241,Basketball Cards 2021 Panini Select Rookie Signatures,Miles McBride [Gold Prizm] #RS-MMB,$97.68,,,$140.00,$154.00,,,,,,,$53.50,$107.00,,,,,,2,,,,,2021-06-01
4525203,Basketball Cards 2021 Panini Select Rookie Signatures,Miles McBride [Green Prizm] #RS-MMB,$24.77,,$23.94,$33.60,$58.00,$59.63,$78.00,$36.00,$36.00,,,$8.10,$26.99,,,$7.80,$25.99,,10,,,,,2021-06-01
4525321,Basketball Cards 2021 Panini Select Rookie Signatures,Miles McBride [Orange Pulsar] #RS-MMB,$39.99,,,,,,,,,,,$17.60,$43.99,,,,,,3,,,,,2021-06-01
4525360,Basketball Cards 2021 Panini Select Rookie Signatures,Miles McBride [Purple Pulsar] #RS-MMB,$33.50,,,,,,,,,,,$14.80,$36.99,,,,,,2,,,,,2021-06-01
4525281,Basketball Cards 2021 Panini Select Rookie Signatures,Miles McBride [Tie Dye Prizm] #RS-MMB,$48.00,,,$47.00,$52.00,$145.00,$189.00,$87.00,$87.00,,,$21.20,$52.99,,,,,,5,,,,,2021-06-01
4525164,Basketball Cards 2021 Panini Select Rookie Signatures,Moses Moody #RS-MMD,$18.77,,$19.62,$29.79,$54.20,$56.00,$73.00,$34.00,$34.00,,,$6.30,$20.99,,,$6.60,$21.99,,15,,,,,2021-06-01
4525242,Basketball Cards 2021 Panini Select Rookie Signatures,Moses Moody [Gold Prizm] #RS-MMD,$132.50,,$305.00,,,,,,,,,$73.00,$146.00,,,$168.00,$336.00,,2,,,,,2021-06-01
4525204,Basketball Cards 2021 Panini Select Rookie Signatures,Moses Moody [Green Prizm] #RS-MMD,$23.60,,$23.38,$30.27,$62.92,$83.63,$109.00,$50.00,$50.00,,,$7.80,$25.99,,,$7.80,$25.99,,9,,,,,2021-06-01
4525322,Basketball Cards 2021 Panini Select Rookie Signatures,Moses Moody [Orange Pulsar] #RS-MMD,$45.07,,,,,$123.96,$161.00,$74.00,$74.00,,,$20.00,$49.99,,,,,,5,,,,,2021-06-01
4525361,Basketball Cards 2021 Panini Select Rookie Signatures,Moses Moody [Purple Pulsar] #RS-MMD,$105.95,,$51.00,$56.00,$62.00,,,,,,,$58.50,$117.00,,,$22.40,$55.99,,4,,,,,2021-06-01
4525282,Basketball Cards 2021 Panini Select Rookie Signatures,Moses Moody [Tie Dye Prizm] #RS-MMD,$100.00,,,,,$268.19,$349.00,$161.00,$161.00,,,$55.00,$110.00,,,,,,3,,,,,2021-06-01
4525165,Basketball Cards 2021 Panini Select Rookie Signatures,Neemias Queta #RS-NQT,$11.03,,$10.06,$17.18,$31.84,$40.87,$53.00,$25.00,$25.00,,,$3.00,$11.99,,,$2.80,$10.99,,9,,,,,2021-06-01
4525243,Basketball Cards 2021 Panini Select Rookie Signatures,Neemias Queta [Gold Prizm] #RS-NQT,$115.00,,,,$62.27,,,,,,,$63.50,$127.00,,,,,,2,,,,,2021-06-01
4525205,Basketball Cards 2021 Panini Select Rookie Signatures,Neemias Queta [Green Prizm] #RS-NQT,$22.06,,,,,$48.00,$62.00,$29.00,$29.00,,,$7.20,$23.99,,,,,,5,,,,,2021-06-01
4525323,Basketball Cards 2021 Panini Select Rookie Signatures,Neemias Queta [Orange Pulsar] #RS-NQT,$9.26,,,,,$62.00,$81.00,$37.00,$37.00,,,$2.00,$9.99,,,,,,2,,,,,2021-06-01
4525362,Basketball Cards 2021 Panini Select Rookie Signatures,Neemias Queta [Purple Pulsar] #RS-NQT,$24.75,,,,,,,,,,,$8.10,$26.99,,,,,,1,,,,,2021-06-01
13354279,Basketball Cards 2021 Panini Select Rookie Signatures,Neemias Queta [Silver] #RS-NQT,$26.99,,,,,,,,,,,$9.00,$29.99,,,,,,6,,,,,
4525283,Basketball Cards 2021 Panini Select Rookie Signatures,Neemias Queta [Tie Dye Prizm] #RS-NQT,$12.00,,,,,$80.47,$105.00,$48.00,$48.00,,,$3.30,$12.99,,,,,,2,,,,,2021-06-01
4525167,Basketball Cards 2021 Panini Select Rookie Signatures,Scottie Barnes #RS-SBN,$50.00,$49.93,$81.53,$95.66,$121.60,$140.36,$182.00,$84.00,$84.00,,,$22.00,$54.99,$22.00,$54.99,$36.00,$89.99,,31,,,,,2021-06-01
4525244,Basketball Cards 2021 Panini Select Rookie Signatures,Scottie Barnes [Gold Prizm] #RS-SBN,$373.10,,,,,$502.83,$654.00,$302.00,$302.00,,,$205.00,$410.00,,,,,,3,,,,,2021-06-01
4525206,Basketball Cards 2021 Panini Select Rookie Signatures,Scottie Barnes [Green Prizm] #RS-SBN,$51.68,,$52.00,$155.84,$171.00,$171.06,$222.00,$103.00,$103.00,,,$22.80,$56.99,,,$22.80,$56.99,,10,,,,,2021-06-01
4525324,Basketball Cards 2021 Panini Select Rookie Signatures,Scottie Barnes [Orange Pulsar] #RS-SBN,$189.50,,,,,$382.50,$497.00,$230.00,$230.00,,,$104.00,$208.00,,,,,,3,,,,,2021-06-01
4525363,Basketball Cards 2021 Panini Select Rookie Signatures,Scottie Barnes [Purple Pulsar] #RS-SBN,$178.50,,,,,,,,,,,$98.00,$196.00,,,,,,1,,,,,2021-06-01
4525284,Basketball Cards 2021 Panini Select Rookie Signatures,Scottie Barnes [Tie Dye Prizm] #RS-SBN,$525.69,,,,,$375.00,$488.00,$225.00,$225.00,,,$346.80,$578.00,,,,,,2,,,,,2021-06-01
4525166,Basketball Cards 2021 Panini Select Rookie Signatures,Tre Mann #RS-TMN,$8.39,,$15.00,$17.00,$22.00,$22.75,$30.00,$14.00,$14.00,,,$1.80,$9.19,,,$4.30,$16.99,,13,,,,,2021-06-01
4525245,Basketball Cards 2021 Panini Select Rookie Signatures,Tre Mann [Gold Prizm] #RS-TMN,$102.50,,,$82.00,$90.00,$300.00,$390.00,$180.00,$180.00,,,$56.50,$113.00,,,,,,3,,,,,2021-06-01
4525207,Basketball Cards 2021 Panini Select Rookie Signatures,Tre Mann [Green Prizm] #RS-TMN,$13.89,,$15.40,$23.25,$44.30,$100.00,$130.00,$60.00,$60.00,,,$3.80,$14.99,,,$4.30,$16.99,,10,,,,,2021-06-01
4525325,Basketball Cards 2021 Panini Select Rookie Signatures,Tre Mann [Orange Pulsar] #RS-TMN,$30.00,,,$150.53,$166.00,$181.00,$235.00,$109.00,$109.00,,,$9.90,$32.99,,,,,,4,,,,,2021-06-01
4525364,Basketball Cards 2021 Panini Select Rookie Signatures,Tre Mann [Purple Pulsar] #RS-TMN,$36.88,,,,$110.00,,,,,,,$16.40,$40.99,,,,,,2,,,,,2021-06-01
4525285,Basketball Cards 2021 Panini Select Rookie Signatures,Tre Mann [Tie Dye Prizm] #RS-TMN,$20.13,,$102.50,$300.00,$330.00,$360.00,$468.00,$216.00,$216.00,,,$6.60,$21.99,,,$56.50,$113.00,,8,,,,,2021-06-01
4525168,Basketball Cards 2021 Panini Select Rookie Signatures,Trey Murphy III #RS-TMU,$31.94,,$35.00,$590.00,$649.00,$708.00,$920.00,$425.00,$425.00,,,$10.50,$34.99,,,$15.60,$38.99,,11,,,,,2021-06-01
4525246,Basketball Cards 2021 Panini Select Rookie Signatures,Trey Murphy III [Gold Prizm] #RS-TMU,$204.50,,,,,,,,,,,$112.50,$225.00,,,,,,2,,,,,2021-06-01
4525208,Basketball Cards 2021 Panini Select Rookie Signatures,Trey Murphy III [Green Prizm] #RS-TMU,$40.57,,$22.00,$48.61,$83.64,$110.00,$143.00,$66.00,$66.00,,,$18.00,$44.99,,,$7.20,$23.99,,10,,,,,2021-06-01
4525326,Basketball Cards 2021 Panini Select Rookie Signatures,Trey Murphy III [Orange Pulsar] #RS-TMU,$62.01,,,$165.00,$182.00,$255.00,$332.00,$153.00,$153.00,,,$27.20,$67.99,,,,,,3,,,,,2021-06-01
4525365,Basketball Cards 2021 Panini Select Rookie Signatures,Trey Murphy III [Purple Pulsar] #RS-TMU,$66.06,,,$150.00,$165.00,$493.50,$642.00,$296.00,$296.00,,,$29.20,$72.99,,,,,,3,,,,,2021-06-01
4525286,Basketball Cards 2021 Panini Select Rookie Signatures,Trey Murphy III [Tie Dye Prizm] #RS-TMU,$123.74,,,$150.00,$160.00,$163.73,$213.00,$98.00,$98.00,,,$68.00,$136.00,,,,,,5,,,,,2021-06-01
4525169,Basketball Cards 2021 Panini Select Rookie Signatures,Usman Garuba #RS-UGR,$1.00,,,,,,,,,,,,$1.09,,,,,,5,,,,,2021-06-01
4525247,Basketball Cards 2021 Panini Select Rookie Signatures,Usman Garuba [Gold Prizm] #RS-UGR,$22.50,,,,,,,,,,,$7.50,$24.99,,,,,,1,,,,,2021-06-01
4525209,Basketball Cards 2021 Panini Select Rookie Signatures,Usman Garuba [Green Prizm] #RS-UGR,$1.75,,,,,,,,,,,,$1.89,,,,,,1,,,,,2021-06-01
4525327,Basketball Cards 2021 Panini Select Rookie Signatures,Usman Garuba [Orange Pulsar] #RS-UGR,$4.29,,,,,$20.00,$26.00,$12.00,$12.00,,,$0.90,$4.69,,,,,,3,,,,,2021-06-01
4525366,Basketball Cards 2021 Panini Select Rookie Signatures,Usman Garuba [Purple Pulsar] #RS-UGR,$21.37,,,,,,,,,,,$7.20,$23.99,,,,,,1,,,,,2021-06-01
4525287,Basketball Cards 2021 Panini Select Rookie Signatures,Usman Garuba [Tie Dye Prizm] #RS-UGR,$2.13,,,,,,,,,,,,$2.29,,,,,,1,,,,,2021-06-01
4525170,Basketball Cards 2021 Panini Select Rookie Signatures,Ziaire Williams #RS-ZWL,$5.17,,$11.05,$12.00,$29.43,$40.80,$53.00,$24.00,$24.00,,,$1.10,$5.69,,,$3.00,$11.99,,13,,,,,2021-06-01
7310664,Basketball Cards 2021 Panini Select Rookie Signatures,Ziaire Williams [Black Snakeskin] #RS-ZWL,,$499.99,,,,,,,,,,,,$330.00,$550.00,,,,1,,,,,
4525248,Basketball Cards 2021 Panini Select Rookie Signatures,Ziaire Williams [Gold Prizm] #RS-ZWL,$170.27,,,,,,,,,,,$93.50,$187.00,,,,,,1,,,,,2021-06-01
4525210,Basketball Cards 2021 Panini Select Rookie Signatures,Ziaire Williams [Green Prizm] #RS-ZWL,$5.75,,$7.53,$13.59,$25.91,$91.09,$118.00,$55.00,$55.00,,,$1.30,$6.29,,,$1.70,$8.29,,8,,,,,2021-06-01
4525328,Basketball Cards 2021 Panini Select Rookie Signatures,Ziaire Williams [Orange Pulsar] #RS-ZWL,$5.50,,,,,$98.07,$127.00,$59.00,$59.00,,,$1.20,$6.09,,,,,,4,,,,,2021-06-01
4525367,Basketball Cards 2021 Panini Select Rookie Signatures,Ziaire Williams [Purple Pulsar] #RS-ZWL,$25.00,,,$9.00,$10.00,$25.00,$33.00,$15.00,$15.00,,,$8.40,$27.99,,,,,,4,,,,,2021-06-01
4525288,Basketball Cards 2021 Panini Select Rookie Signatures,Ziaire Williams [Tie Dye Prizm] #RS-ZWL,$63.33,,,$10.50,$12.00,$113.25,$147.00,$68.00,$68.00,,,$28.00,$69.99,,,,,,3,,,,,2021-06-01
